{"val/samples":{"width":522,"height":524,"_type":"image-file","sha256":"0dbdcb1008620e6cfa947a3b6133bf1f34286422b8f7a652edcebc2e3ee8e52f","size":394386,"path":"media/images/val/samples_644_0dbdcb1008620e6cfa94.png","format":"png"},"train/step":5349,"train/avg_g_loss":0.40352207345276303,"_step":668,"_runtime":25472.963617,"val/avg_perceptual_loss":0.32986561491571625,"train/samples":{"width":522,"height":524,"_type":"image-file","sha256":"2b9f463244eb8de8c1ab1a40c408fe8f2cbaa77e41345320e07e293aaa3c2bd5","size":373279,"path":"media/images/train/samples_658_2b9f463244eb8de8c1ab.png","format":"png"},"val/avg_l1_loss":0.37291801129949503,"train/avg_perceptual_loss":0.33809966299806576,"_wandb":{"runtime":25474},"train/perceptual_loss":0.32190194725990295,"train/epoch":18,"train/avg_l1_loss":0.3697121065261179,"_timestamp":1.748276039060323e+09,"val/avg_g_loss":0.4059045756685323,"train/g_loss":0.34759190678596497,"train/l1_loss":0.31540170311927795}