{"train/perceptual_loss":0.33609282970428467,"val/avg_g_loss":0.41104547653732626,"train/epoch":6,"train/avg_perceptual_loss":0.3463737225356252,"val/samples":{"_type":"image-file","sha256":"6ab0e40fc70d6e4483cf8b2c77d472326382c79350c24559fbf19c1cf336c25f","size":325110,"path":"media/images/val/samples_446_6ab0e40fc70d6e4483cf.png","format":"png","width":522,"height":524},"train/avg_l1_loss":0.3793219593999126,"_wandb":{"runtime":9179},"train/g_loss":0.4225352108478546,"_step":503,"val/avg_l1_loss":0.3772164367396256,"train/step":4287,"val/avg_perceptual_loss":0.3382904049137543,"_timestamp":1.7482497012311916e+09,"train/avg_g_loss":0.41395933218231484,"_runtime":9172.1417581,"train/samples":{"height":524,"_type":"image-file","sha256":"8d81fc0bf04a175f9e36911ee8ab47f4920887b01415b9df49b913765212f500","size":375472,"path":"media/images/train/samples_493_8d81fc0bf04a175f9e36.png","format":"png","width":522},"train/l1_loss":0.3889259397983551}